lastUpdated,title,url
" This page was last edited on 8 March 2021, at 01:09",Kevin Bacon,https://en.wikipedia.org/wiki/Kevin_Bacon
" This page was last edited on 14 January 2021, at 17:54", (TV series),https://en.wikipedia.org/wiki/I_Love_Dick_(TV_series)
" This page was last edited on 11 March 2021, at 20:56",Primetime Emmy Award,https://en.wikipedia.org/wiki/Primetime_Emmy_Award
" This page was last edited on 2 March 2021, at 15:35",SixDegrees.org,https://en.wikipedia.org/wiki/SixDegrees.org
" This page was last edited on 7 March 2021, at 04:00",Golden Globe Award for Best Actor â€“ Television Series Musical or Comedy,https://en.wikipedia.org/wiki/Golden_Globe_Award_for_Best_Actor_%E2%80%93_Television_Series_Musical_or_Comedy
" This page was last edited on 23 February 2021, at 15:23",Six Degrees of Kevin Bacon,https://en.wikipedia.org/wiki/Six_Degrees_of_Kevin_Bacon
" This page was last edited on 26 February 2021, at 22:23",Screen Actors Guild Awards,https://en.wikipedia.org/wiki/Screen_Actors_Guild_Award
" This page was last edited on 3 March 2021, at 12:56",Hollywood Walk of Fame,https://en.wikipedia.org/wiki/Hollywood_Walk_of_Fame
" This page was last edited on 11 March 2021, at 21:26",The Guardian,https://en.wikipedia.org/wiki/The_Guardian
" This page was last edited on 31 January 2021, at 02:04",Taking Chance,https://en.wikipedia.org/wiki/Taking_Chance
" This page was last edited on 8 March 2021, at 23:13",Golden Globe Awards,https://en.wikipedia.org/wiki/Golden_Globe_Award
" This page was last edited on 7 March 2021, at 16:45",Social networking service,https://en.wikipedia.org/wiki/Social_networking_service
" This page was last edited on 4 March 2021, at 07:56",Academy Awards,https://en.wikipedia.org/wiki/Academy_Award
" This page was last edited on 3 February 2021, at 11:11",Main Page,https://en.wikipedia.org/wiki/Main_Page
" This page was last edited on 24 January 2021, at 08:26",The Following,https://en.wikipedia.org/wiki/The_Following
" This page was last edited on 9 March 2021, at 13:37",WorldCat,https://en.wikipedia.org/wiki/WorldCat_Identities_(identifier)
" This page was last edited on 9 March 2021, at 19:03",Virtual International Authority File,https://en.wikipedia.org/wiki/VIAF_(identifier)
" This page was last edited on 21 February 2021, at 02:18",Trove,https://en.wikipedia.org/wiki/Trove_(identifier)
" This page was last edited on 10 March 2021, at 00:16",Fox Broadcasting Company,https://en.wikipedia.org/wiki/Fox_Broadcasting_Company
" This page was last edited on 2 February 2021, at 04:32",Alpha House,https://en.wikipedia.org/wiki/Alpha_House
" This page was last edited on 8 March 2021, at 03:10",HBO,https://en.wikipedia.org/wiki/HBO
" This page was last edited on 8 March 2021, at 22:25",The Expatriates,https://en.wikipedia.org/wiki/The_Expatriates
" This page was last edited on 8 March 2021, at 13:45", (TV series),https://en.wikipedia.org/wiki/The_Wheel_of_Time_(TV_series)
